"","id. Response_ID","IntellectualChallenge_1_AESTHEMOS","Relaxation_1_AESTHEMOS","FeelingOfBeauty_1_AESTHEMOS","Enchantment_1_AESTHEMOS","IntellectualChallenge_2_AESTHEMOS","FeelingOfUgliness_1_AESTHEMOS","BeingMoved_1_AESTHEMOS","Energy_1_AESTHEMOS","Enchantment_2_AESTHEMOS","Relaxation_2_AESTHEMOS","Humor_1_AESTHEMOS","Confusion_1_AESTHEMOS","Nostalgia_1_AESTHEMOS","Nostalgia_2_AESTHEMOS","Uneasiness_1_AESTHEMOS","Vitality_1_AESTHEMOS","Fascination_1_AESTHEMOS","BeingMoved_2_AESTHEMOS","Interest_1_AESTHEMOS","Awe_1_AESTHEMOS","Humor_2_AESTHEMOS","FeelingOfBeauty_2_AESTHEMOS","Joy_1_AESTHEMOS","Interest_2_AESTHEMOS","Fascination_2_AESTHEMOS","Vitality_2_AESTHEMOS","Surprise_1_AESTHEMOS","Insight_1_AESTHEMOS","Sadness_1_AESTHEMOS","Anger_1_AESTHEMOS","Boredom_1_AESTHEMOS","Insight_2_AESTHEMOS","Sadness_2_AESTHEMOS","Anger_2_AESTHEMOS","Uneasiness_2_AESTHEMOS","Surprise_2_AESTHEMOS","Awe_2_AESTHEMOS","Boredom_2_AESTHEMOS","FeelingOfUgliness_2_AESTHEMOS","Confusion_2_AESTHEMOS","Joy_2_AESTHEMOS","Energy_2_AESTHEMOS","Age. How_old_are_you?","Gender. What_is_your_ge.._","Gender[other]. What_is_your_ge..__[Other]","EnglishLevel. On_a_scale_from.._","Years. For_how_many_ye.._","HoursPerWeek. How_many_hours_.._","ExperienceGeneral[SQ001]. Please_rate_the..__[I_am_experience.._]","ExperienceGeneral[SQ003]. Please_rate_the..__[As_how_broad_wo.._]","Genres[G1]. Which_genres_do..__[Card_Games]","Genres[G2]. Which_genres_do..__[Action_Games]","Genres[G3]. Which_genres_do..__[Visual_Novels]","Genres[G4]. Which_genres_do..__[Adventures]","Genres[G5]. Which_genres_do..__[Fighting_Games]","Genres[G6]. Which_genres_do..__[MOBA]","Genres[G7]. Which_genres_do..__[FPS]","Genres[G8]. Which_genres_do..__[Puzzle_Games]","Genres[G9]. Which_genres_do..__[MMORPGs]","Genres[G10]. Which_genres_do..__[RPGs]","Genres[G11]. Which_genres_do..__[Simulation_Games]","Genres[G12]. Which_genres_do..__[Strategy_Games]","Genres[G13]. Which_genres_do..__[Music/Rhythm_Games]","Genres[G14]. Which_genres_do..__[Platformers]","Genres[other]. Which_genres_do..__[Other]","FavGames[Fav1]. Please_name_up_..__[1]","FavGames[Fav2]. Please_name_up_..__[2]","FavGames[Fav3]. Please_name_up_..__[3]","FavGames[Fav4]. Please_name_up_..__[4]","FavGames[Fav5]. Please_name_up_..__[5]","OccupationVG. Do_you_currentl.._","OccupationArt. Do_you_currentl.._"
"1",8,4,4,5,4,4,1,4,3,4,4,2,3,4,1,1,4,4,5,4,5,1,5,3,3,5,4,4,5,1,1,1,3,3,1,1,4,5,1,1,4,5,3,29,"Woman",NA,4,10,2,86,100,"No","No","No","Yes","Yes","Yes","No","Yes","No","Yes","No","Yes","No","Yes",NA,"Transistor","Hades","Gorogoa","Rimworld","Thomas was alone","Yes","Yes"
"2",9,5,2,5,3,5,2,5,3,3,1,2,4,5,1,3,4,5,5,5,4,1,4,4,3,4,2,4,5,3,2,1,4,4,1,2,5,3,1,1,4,3,3,26,"Woman",NA,4,20,5,80,96,"No","Yes","Yes","Yes","No","No","Yes","Yes","Yes","Yes","Yes","Yes","No","Yes",NA,"This War of Mine","Sid Meier's Civilization V","Assassin's Creed: Black Flag",NA,NA,"Yes","Yes"
"3",12,5,1,5,5,5,2,1,5,5,5,1,4,1,1,1,5,5,5,5,5,1,5,5,5,5,4,1,2,1,1,1,1,1,1,1,2,4,1,1,2,5,3,27,"Woman",NA,5,25,40,100,100,"Yes","Yes","Yes","No","No","No","No","Yes","Yes","Yes","Yes","Yes","Yes","No",NA,"Dwarf Fortress","Return of the Obra Dinn","Might and Magic 8","Civilisation","Myst","Yes","Yes"
"4",17,5,4,5,4,4,1,2,4,3,3,5,4,4,4,1,3,3,2,5,3,5,4,5,5,4,4,3,5,2,1,1,4,1,1,1,5,3,1,1,1,4,5,44,"Man",NA,5,36,1,NA,86,"No","No","No","No","No","No","No","Yes","No","No","Yes","No","Yes","No","mobile casual","Last of Us","Half life 2","Clash Royale","Gone Home","Horizon Zero Dawn","Yes","Yes"
"5",27,3,5,4,4,4,1,5,2,5,5,3,1,1,2,1,3,4,5,4,4,3,5,4,5,3,3,3,3,4,1,1,4,2,1,1,3,3,1,1,1,4,2,35,"Other","body with manly organs",4,20,4,67,17,"Yes","No","Yes","Yes","No","No","No","Yes","No","No","No","No","Yes","No","metagames","zelda botw","super mario odyssey","old mans journey","gorogoa","the bridge","No","No"
"6",36,3,1,4,3,5,1,3,4,4,2,4,3,1,1,3,4,5,3,5,5,1,5,4,5,5,5,4,3,3,1,1,3,1,1,4,5,5,1,1,4,3,4,27,"Woman",NA,5,23,10,68,32,"Yes","No","Yes","Yes","No","No","Yes","Yes","No","Yes","Yes","Yes","Yes","No",NA,"The Witcher 3","Skyrim","Stardew Valley","Subnautica","Portal","No","No"
"7",37,4,3,5,5,5,2,5,3,5,3,3,2,5,3,1,4,5,5,5,5,2,5,4,3,4,3,1,5,5,1,1,3,4,1,1,4,4,1,1,2,2,4,19,"Woman",NA,5,7,6,31,23,"No","No","No","No","No","No","No","No","No","No","Yes","Yes","No","No",NA,"Red Dead Redemption 2","Crusader Kings 2","Minecraft",NA,NA,"No","No"
"8",38,2,4,5,5,5,1,4,4,5,4,1,2,3,3,1,5,4,4,5,5,1,5,5,5,5,4,2,5,3,1,1,4,3,1,3,4,5,1,1,2,5,4,25,"Woman",NA,5,15,20,63,34,"Yes","No","No","Yes","No","No","No","Yes","No","Yes","No","Yes","Yes","No",NA,"Stardew Valley","Legend of Zelda franchise","Dragon Quest Builders","The Witness","Journey","No","No"
"9",41,4,3,5,4,5,3,2,2,4,3,4,2,4,1,2,1,4,4,5,3,4,5,4,5,4,2,5,4,2,3,1,1,3,1,1,5,4,1,4,2,4,4,29,"Man",NA,4,24,50,84,87,"Yes","No","No","Yes","No","Yes","Yes","No","Yes","Yes","Yes","Yes","No","Yes","Rogue likes","Morrowind.","Mass effect","Broken sword","Day of tentacle","Dota 2","No","No"
"10",44,4,4,5,3,5,2,5,3,4,2,3,3,5,3,4,3,5,5,5,5,3,5,3,5,5,3,3,5,5,2,1,4,5,2,1,4,5,3,1,5,2,2,19,"Woman",NA,5,1,9,56,77,"Yes","Yes","No","Yes","Yes","No","No","No","Yes","Yes","Yes","Yes","Yes","Yes",NA,"Skyrim","Breath of the wild","Hollow knight","Mario Kart","Warframe","No","Yes"
"11",46,4,4,5,5,5,1,4,4,5,4,4,1,4,3,1,4,5,4,4,4,2,5,4,4,4,4,2,4,2,1,1,3,1,1,1,4,3,1,1,1,5,4,40,"Woman",NA,5,35,30,83,79,"Yes","Yes","No","No","No","No","Yes","Yes","No","No","Yes","Yes","No","Yes",NA,"Fallout 4","Horizon Zero dawn","Sims 3","Civilization 5","Zelda BOTW","No","No"
"12",49,5,5,5,5,5,1,5,5,5,5,5,2,5,5,1,3,5,5,5,5,1,5,5,5,5,5,5,5,1,1,1,4,2,2,1,5,5,1,1,1,5,5,29,"Man",NA,5,22,10,97,35,"No","Yes","Yes","Yes","Yes","No","Yes","No","Yes","Yes","No","Yes","No","No","Survival and horror","World of Warcraft","Skyrim","Overwatch","Assassins Creed","Starcraft","No","No"
"13",53,1,3,5,2,1,1,3,2,5,3,3,1,2,2,1,1,5,3,3,4,1,5,5,3,3,1,1,2,1,1,1,1,2,1,1,3,1,3,1,1,5,1,45,"Woman",NA,5,38,15,100,79,"No","Yes","No","Yes","No","No","No","Yes","Yes","Yes","Yes","Yes","No","No",NA,"World of Warcraft","Kings Quest (original series)","Myst","Final Fantasy","Lord of the Rings Online","No","No"
"14",58,5,4,5,5,5,1,5,2,2,2,3,1,4,3,2,2,5,5,4,5,3,5,2,4,5,5,2,5,4,3,1,5,5,1,4,3,3,1,1,4,5,3,19,"Man",NA,5,15,30,100,35,"No","No","No","Yes","Yes","No","Yes","Yes","No","Yes","No","Yes","No","No",NA,"NieR Automata","Team Fortress 2","Fire Emblem Thracia 776","Halo 2",NA,"No","No"
"15",59,5,3,5,4,4,1,4,2,4,4,3,4,2,1,2,5,4,3,5,3,3,5,3,4,4,3,1,4,3,1,2,4,2,1,2,4,3,1,1,2,3,3,26,"Man",NA,5,22,12,68,75,"No","No","No","Yes","No","No","No","Yes","No","Yes","Yes","Yes","No","No",NA,"Return of the Obra Dinn","Europa Universalis IV","Hotline Miami","Darkest Dungeon","Viva Pinata","No","Yes"
"16",60,4,3,4,2,4,1,2,3,1,1,1,2,1,1,2,4,4,2,4,2,1,2,2,4,4,4,3,4,3,2,1,4,2,1,3,4,2,1,1,3,2,4,34,"Man",NA,5,25,10,100,100,"No","No","No","Yes","No","No","No","No","No","Yes","No","Yes","No","No",NA,"Knights of the old republic 2","Fallout New Vegas","Mass Effect","Witcher 3",NA,"No","No"
"17",62,5,4,5,4,5,1,3,3,4,2,4,2,4,4,1,4,4,3,5,4,1,5,4,5,5,1,3,4,4,1,1,4,1,1,1,4,4,1,1,1,4,2,25,"Man",NA,4,20,10,99,NA,"Yes","Yes","No","Yes","No","No","Yes","No","No","Yes","Yes","Yes","No","No",NA,"Battlefield Series","Total War Series","Crysis Series","Sacred","Gran Turismo","Yes","No"
"18",66,2,5,5,5,4,1,4,2,5,5,4,1,5,5,1,4,5,5,5,4,2,5,4,5,5,4,3,5,3,1,1,5,3,1,1,5,5,1,1,1,4,5,27,"Woman",NA,5,17,5,66,25,"No","No","No","No","No","No","No","Yes","No","Yes","Yes","Yes","Yes","No",NA,"Animal Crossing","Civilization","Darkest Dungeon","Phoenix Wright Ace Attorney","Katamari","No","Yes"
"19",67,4,4,5,4,2,1,5,4,5,3,4,4,4,4,3,3,5,5,4,3,3,5,4,5,4,3,4,5,4,4,1,2,4,2,4,5,4,3,1,3,5,2,18,"Woman",NA,3,8,1,38,100,"Yes","Yes","Yes","Yes","Yes","No","Yes","Yes","No","Yes","Yes","Yes","Yes","Yes",NA,"Minecraft","The Sims","Halo","Undertale","Life is strange","No","No"
"20",74,4,2,5,5,5,1,5,3,4,2,4,3,3,4,1,4,5,4,5,4,3,4,5,5,5,3,3,4,4,3,1,3,3,4,2,5,4,2,2,2,5,5,29,"Man",NA,5,19,5,76,76,"No","Yes","No","Yes","Yes","No","Yes","No","No","Yes","No","Yes","No","Yes",NA,"Metal gear solid 5","Divinity original sin2","Crash bandicoot 3","Dishonoured",NA,"No","No"
"21",75,5,4,5,4,5,1,4,3,5,4,3,4,4,4,3,4,5,5,5,5,3,5,5,5,5,5,4,5,4,4,2,4,5,1,3,5,5,1,1,3,4,3,19,"Man",NA,4,2,15,22,60,"Yes","No","No","Yes","No","No","No","Yes","No","Yes","Yes","No","Yes","Yes","Metroidvanias","Hollow Knight","Persona 5","Ratchet and Clank: A Crack in Time","The Sims 4","Animal Crossing: New Horizons","No","No"
"22",81,4,1,4,3,5,2,5,2,2,2,2,1,4,2,1,1,4,5,2,5,1,4,3,3,5,2,2,5,4,1,1,4,5,1,2,4,2,1,1,4,3,2,30,"Woman",NA,5,26,15,100,34,"Yes","Yes","Yes","Yes","No","No","No","Yes","No","Yes","Yes","Yes","No","Yes","Building/management games (e.g. Rimworld)","Rimworld","The Witcher series","Crusader Kings II",NA,NA,"No","No"
"23",82,3,4,5,5,3,1,3,4,4,3,4,1,4,2,4,2,5,4,4,3,3,5,5,4,5,4,2,3,4,2,1,2,3,1,1,5,5,1,1,1,5,2,54,"Man",NA,5,33,10,98,22,"No","Yes","No","Yes","No","No","Yes","No","No","No","No","Yes","No","No",NA,"Valiant Hearts","Skyrim","Assasin's Creed Odyssey","Okami","Bioshock","No","No"
"24",84,3,2,4,5,5,3,2,4,1,1,4,2,1,1,4,5,3,1,4,1,3,3,4,4,4,4,1,5,2,5,2,4,4,4,1,4,4,2,1,1,4,4,28,"Man",NA,5,24,18,100,35,"Yes","No","No","No","No","Yes","Yes","No","No","No","No","Yes","No","Yes",NA,"Dota 2","Starcraft 2","Dark Souls","Getting Over It with Bennett Foddy","Pokemon","Yes","No"
"25",87,3,3,4,3,3,1,3,4,4,4,4,2,4,4,1,3,4,4,4,2,3,4,4,3,4,4,4,4,5,1,2,3,4,1,1,3,3,1,1,2,4,2,42,"Man",NA,5,30,4,100,100,"Yes","Yes","Yes","Yes","No","No","No","Yes","No","No","No","No","Yes","Yes",NA,"kentucky route zero","stephen's sausage roll","the binding of isaac","celeste","mario kart","Yes","Yes"
"26",96,3,1,4,2,4,1,5,3,5,1,3,1,5,4,1,5,5,4,5,4,1,5,2,4,5,3,1,5,4,3,1,5,5,1,5,4,2,1,1,1,1,5,27,"Man",NA,5,22,40,100,84,"No","Yes","No","Yes","No","Yes","Yes","No","Yes","Yes","Yes","Yes","No","Yes",NA,"Final Fantasy 7","Final Fantasy 10","Pokemon Heart Gold","Digimon World","Squad","No","No"
"27",104,2,5,4,3,1,4,1,2,3,4,4,2,3,4,3,2,4,1,2,4,4,5,4,2,4,2,4,2,4,1,3,2,1,1,1,3,1,3,1,1,5,1,25,"Man",NA,5,20,10,94,100,"No","Yes","Yes","Yes","No","No","Yes","No","No","Yes","No","No","Yes","Yes",NA,"The beginner's guide","Shadow of the Colossus","Beat Saber","Resident Evil 4","The Legend of Zelda: Twilight Princess","Yes","Yes"
"28",105,1,1,5,5,5,1,5,1,5,1,5,1,5,4,3,1,1,4,5,4,1,5,4,1,4,1,1,1,4,1,1,1,4,1,1,2,3,1,1,1,4,1,29,"Man",NA,5,25,20,100,100,"Yes","No","No","Yes","No","No","No","No","Yes","Yes","Yes","Yes","No","Yes",NA,"Europa Universalis","Slay the Spire","Crusader Kings II","EVE Online","Red Dead Redemption","No","No"
"29",115,5,4,4,5,5,1,3,4,5,5,4,2,4,4,1,3,4,5,4,5,3,5,4,5,5,4,3,5,4,1,1,5,3,1,2,5,4,1,1,2,4,3,18,"Man",NA,5,7,14,100,76,"No","Yes","No","Yes","No","No","Yes","Yes","No","Yes","No","Yes","No","Yes",NA,"Borserlands 2","Minecraft","CSGO","Pokemon Heart Gold","Monument Valley","No","Yes"
"30",116,3,3,5,5,5,1,5,2,5,4,3,3,5,5,1,1,3,5,4,4,1,5,2,5,5,2,1,5,5,1,1,4,5,1,4,4,4,1,1,4,1,1,26,"Man",NA,5,20,15,100,100,"Yes","Yes","No","Yes","Yes","No","Yes","Yes","Yes","Yes","Yes","Yes","Yes","Yes",NA,"Magic Arena","Bioshock","Civilization V","Skyrim","Portal","No","No"
"31",118,5,1,1,1,5,1,3,3,1,1,1,1,1,1,5,4,2,3,1,1,1,1,1,1,1,4,4,3,5,5,2,3,3,5,4,1,1,3,1,1,1,5,18,"Man",NA,5,8,21,88,72,"Yes","Yes","Yes","Yes","Yes","No","Yes","Yes","No","Yes","Yes","Yes","Yes","Yes",NA,"Rainbow Six: Siege","Halo Combat Evolved","Katamari Damacy","Legend of Zelda: Breath of the Wild","Persona 5: Royal","No","No"
"32",126,5,5,5,5,5,1,5,5,5,5,1,1,5,5,1,5,5,5,5,5,1,5,5,5,5,5,5,5,5,2,1,5,5,2,1,5,1,1,1,3,5,5,18,"Man",NA,5,12,20,93,84,"Yes","Yes","No","No","Yes","No","Yes","No","No","No","No","Yes","No","No",NA,"Overwatch","Red Dead Redemption 2","The Last of Us","Modern Warfare","Advanced Warfare","No","No"
"33",128,4,2,5,4,5,1,4,5,5,3,4,2,5,3,1,5,5,3,5,4,3,5,5,1,5,4,1,5,3,1,1,1,1,1,1,3,5,2,1,2,5,2,24,"Other","trans masculine",5,18,15,82,100,"No","Yes","Yes","Yes","Yes","No","Yes","No","No","Yes","Yes","Yes","No","Yes",NA,"Dragon Age","Borderlands","Saints Row","Team Fortress 2","Animal Crossing","No","No"
"34",132,3,5,5,5,5,1,5,2,5,5,2,1,2,2,1,2,5,5,5,5,2,5,5,4,4,4,1,5,1,1,1,5,3,1,1,4,5,1,1,1,5,3,18,"Man",NA,5,10,3,83,20,"No","No","Yes","Yes","No","No","No","Yes","No","No","No","No","No","Yes",NA,"Mutazione","Severed","Sayonara Wild Hearts","DERE EVIL EXE","Alto’s Odyssey","No","No"
"35",137,1,2,5,3,4,1,2,4,5,4,5,2,3,3,1,4,5,4,5,4,5,4,5,5,5,4,2,2,2,4,2,1,2,2,1,5,4,1,2,1,5,4,35,"Man",NA,4,25,20,30,19,"No","No","No","No","No","No","No","No","No","No","Yes","Yes","No","No",NA,"minecraft","civilization","elasto mania",NA,NA,"No","No"
"36",141,3,1,3,1,5,5,2,3,3,1,3,4,4,1,4,2,4,1,3,3,2,3,2,4,4,2,2,4,1,2,1,4,4,1,3,4,1,2,4,4,1,2,25,"Non-Binary",NA,5,23,50,100,100,"Yes","Yes","Yes","Yes","No","Yes","Yes","Yes","No","Yes","Yes","Yes","Yes","Yes",NA,"Undertale","Doom Eternal","Dark Souls","Etrian Odyssey III","Persona 4 Golden","No","No"
"37",145,1,4,5,3,3,1,2,2,4,4,1,1,1,1,1,1,2,3,3,3,1,5,5,4,4,3,1,4,3,1,1,2,2,1,1,2,5,1,1,1,3,1,27,"Man",NA,5,20,5,71,61,"No","No","Yes","Yes","No","Yes","No","Yes","No","Yes","Yes","Yes","No","Yes","Sports","Civilization (all)","Dead Cells","Skyrim","Cities: Skylines","Grand Theft Auto V","No","Yes"
"38",146,2,3,4,2,3,1,3,1,4,4,1,3,5,5,4,1,3,5,2,2,2,5,2,4,4,1,2,4,5,2,2,3,5,1,3,3,3,2,1,4,2,4,36,"Woman",NA,4,20,0,62,40,"No","No","Yes","Yes","No","No","No","No","No","Yes","No","No","No","No",NA,"Simon the Soucerer","Monkey Island","Other Worlds","Skyrim","Final Fantasy","No","No"
"39",147,4,5,5,5,4,1,5,4,5,5,4,5,5,5,1,4,5,5,4,4,4,5,4,4,5,5,4,5,5,1,1,4,4,1,3,3,5,1,1,2,5,4,22,"Man",NA,4,10,10,73,82,"No","Yes","Yes","Yes","No","No","Yes","Yes","No","Yes","Yes","Yes","Yes","Yes",NA,"NieR Automata","Persona 5","Yakuza 0","The assassins creed series","Apex legends","No","No"
"40",150,3,4,5,2,4,1,3,3,3,3,4,2,5,4,1,5,4,4,4,2,3,4,3,4,4,3,2,2,3,1,2,4,4,2,3,5,3,4,1,3,3,4,27,"Man",NA,5,22,15,77,70,"Yes","Yes","Yes","Yes","No","No","Yes","Yes","Yes","Yes","Yes","No","Yes","Yes",NA,"Mass Effect","Dragon Age","SimCity","RollerCoaster Tycoon","GunZ: The Duel","Yes","Yes"
"41",152,2,3,5,5,5,1,5,5,4,2,5,1,5,3,1,5,5,5,5,3,4,5,5,5,5,4,4,4,5,1,1,4,2,1,1,5,5,1,1,2,5,5,23,"Man",NA,5,15,4,86,25,"No","Yes","No","No","No","No","Yes","No","No","No","No","Yes","Yes","No",NA,"Call of Duty","GTA V","Guitar Hero","FIFA","Worms World Party","No","No"
"42",155,5,2,5,5,5,1,5,5,5,1,2,4,5,1,1,3,5,5,5,4,2,5,5,4,5,5,5,5,5,1,1,5,5,1,1,5,5,1,1,3,2,5,20,"Man",NA,5,14,20,100,99,"No","Yes","Yes","Yes","No","No","Yes","No","No","Yes","Yes","Yes","No","No",NA,"Rainbow Six Siege","Metal Gear Solid 5","Red Dead Redemption 2",NA,NA,"No","No"
"43",158,3,5,5,5,5,2,4,4,5,5,4,3,5,4,1,2,5,4,5,5,4,5,5,3,5,3,2,4,2,2,1,3,3,1,1,2,3,1,1,1,5,2,20,"Man",NA,5,10,30,77,36,"No","Yes","No","Yes","No","No","Yes","No","No","Yes","No","No","No","No",NA,"Skyrim","Dragon Age (whole series)","Red Dead Redemption","The Binding of Isaac","Call of Duty (not entire series, but mostly)","No","No"
"44",161,4,4,4,3,5,1,3,4,3,4,1,3,3,1,1,1,2,2,4,2,1,4,3,5,4,3,3,3,3,1,1,4,1,1,1,2,3,1,1,3,3,1,19,"Man",NA,4,1,0,1,29,"No","No","No","Yes","No","No","No","Yes","No","No","No","No","No","No",NA,"Anti chamber","Kairo","Legend of Zelda",NA,NA,"No","No"
"45",168,2,5,5,4,5,1,3,4,5,5,5,1,3,5,2,5,5,3,5,5,3,5,5,5,5,5,1,3,5,2,1,3,1,1,1,4,5,1,1,1,5,3,20,"Man",NA,5,16,20,78,100,"Yes","Yes","No","Yes","Yes","No","No","Yes","No","Yes","Yes","Yes","No","Yes",NA,"The Legend of Zelda: Breath of the Wild","Celeste","Super Mario Sunshine","Super Smash Brothers Ultimate","Super Monkey Ball 2","No","No"
"46",174,3,5,5,5,5,1,5,4,5,5,5,2,5,4,1,3,5,5,5,5,5,5,5,5,5,5,2,5,4,1,1,3,1,2,1,3,5,1,1,1,5,3,35,"Woman",NA,5,25,15,96,81,"No","Yes","No","Yes","No","No","Yes","No","Yes","No","Yes","Yes","No","No",NA,"GTAV","Fallout 4","Sims 4","Borderlands 2","Stardew Valley","No","No"
"47",177,4,3,5,4,4,1,3,4,5,3,3,3,3,2,2,2,5,5,5,4,3,5,3,4,5,2,4,5,3,1,2,4,3,1,3,4,2,2,1,2,4,4,19,"Man",NA,5,15,12,61,42,"Yes","Yes","No","Yes","No","No","No","Yes","No","Yes","No","Yes","Yes","Yes",NA,"Pokemon Franchise main titles","Legend of Zelda, Breath of the Wild","Hollow Knight","Super Monkey Ball",NA,"No","Yes"
"48",178,2,5,5,5,4,1,5,3,5,5,4,1,5,4,1,4,4,5,5,4,3,5,4,4,4,2,1,4,4,1,2,3,4,1,1,4,3,1,1,1,4,3,28,"Woman",NA,5,20,7,59,28,"No","No","Yes","No","No","No","No","No","No","Yes","Yes","No","No","No",NA,"The Sims 4","Harvest Moon / Story of Seasons series","Animal Crossing","Stardew Valley","Yoshi's Island","No","No"
"49",185,2,4,5,5,3,1,4,2,2,5,5,3,3,5,1,4,4,5,5,3,5,4,5,5,4,3,2,5,3,1,1,2,4,1,1,5,3,2,1,1,5,4,24,"Woman",NA,4,20,15,100,71,"No","Yes","No","Yes","No","No","No","Yes","No","Yes","No","Yes","Yes","Yes",NA,"Pokemon","Picross","Animal crossing","Sunless sea",NA,"No","No"
"50",190,5,5,5,5,5,1,5,5,5,5,5,1,5,5,2,5,5,5,5,5,2,5,5,5,5,5,2,5,5,3,1,5,5,2,4,5,5,1,1,2,5,5,24,"Non-Binary",NA,5,22,30,100,90,"No","Yes","No","Yes","No","Yes","Yes","Yes","No","Yes","Yes","Yes","Yes","Yes",NA,"Legend of Zelda Twilight Princess","Donkey Kong Country 2 for the snes","Journey","Final Fantasy 12","Final Fantasy Crystal Chronicles","No","Yes"
"51",192,3,3,5,4,5,2,3,2,5,3,4,3,4,4,2,4,5,4,5,4,4,5,4,4,5,2,4,4,4,1,1,1,4,2,1,5,3,3,1,4,4,2,23,"Man",NA,5,19,30,100,NA,"No","Yes","No","Yes","No","No","Yes","Yes","No","Yes","Yes","No","No","No",NA,"Arma 3","Titanfall 2","Outer Wilds","Boneworks","FRACT OSC","No","No"
"52",194,2,5,5,3,5,1,5,1,3,4,1,2,3,1,1,1,4,5,4,3,1,5,1,5,5,2,1,5,5,1,1,5,5,1,1,5,5,1,1,1,2,1,24,"Man",NA,5,15,4,85,66,"No","Yes","Yes","Yes","No","No","No","Yes","Yes","Yes","Yes","Yes","No","Yes",NA,"The Legend of Zelda: Breath of the Wild","Minecraft","Return of the Obra Dinn","Skyrim","Stardew Valley","No","No"
"53",201,1,5,5,4,5,1,4,1,5,5,1,2,5,5,1,1,4,4,3,4,1,5,2,1,3,1,1,4,4,1,1,4,3,1,1,2,3,1,1,1,2,2,21,"Woman",NA,4,15,10,84,80,"Yes","Yes","No","Yes","No","No","Yes","No","No","Yes","Yes","Yes","No","No",NA,"Dishonored 2","Assassin’s Creed 2","The Sims 4","The Witcher 3",NA,"No","No"
"54",203,2,1,3,2,4,1,5,1,1,1,1,1,5,1,1,1,2,5,4,3,1,5,1,2,3,1,1,3,5,1,1,3,5,1,2,4,5,1,1,1,1,1,18,"Man",NA,5,10,5,62,18,"No","No","Yes","Yes","No","No","No","Yes","No","Yes","No","Yes","No","No","FMV","The Elder Scrolls V: Skyrim","Professor Layton and the Last Specter","The Shapeshifting Detective","Death Road to Canada","Disco Elysium","No","No"
"55",205,1,4,4,3,1,1,3,2,4,4,2,2,3,3,1,1,5,3,4,5,1,5,4,5,3,3,3,4,3,1,1,4,2,1,1,5,5,1,1,1,3,4,19,"Prefer not to disclose",NA,5,13,14,100,92,"Yes","No","Yes","Yes","No","Yes","Yes","Yes","No","Yes","Yes","Yes","Yes","Yes","I greatly enjoy being able to play games cooperatively with friends","Dota 2","The Talos Principle","Star Wars Knights of The Old Republic","Faster than Light","Hotline Miami","No","No"
"56",206,3,1,4,1,4,1,5,3,2,1,1,1,4,1,3,5,4,4,2,3,1,1,1,1,2,3,2,1,1,5,1,1,5,5,2,3,1,1,1,4,1,5,31,"Woman",NA,5,26,20,100,86,"No","Yes","No","Yes","No","No","Yes","Yes","Yes","Yes","Yes","Yes","No","Yes",NA,"Elite: Dangerous","World of Warcraft","Minecraft","Legend of Zelda","Pokemon","No","No"
"57",211,2,5,5,5,4,1,4,2,5,5,1,1,4,4,1,2,3,5,3,4,1,5,4,3,3,2,1,5,5,1,1,4,5,1,1,2,4,1,1,3,3,3,22,"Woman",NA,5,3,6,65,56,"Yes","No","Yes","Yes","No","No","No","Yes","Yes","No","No","No","No","Yes",NA,"Brothers a tale of two sons","Zelda breath of the wild","Guild wars 2","Resident evil 7",NA,"No","No"
"58",217,3,5,4,5,2,1,5,2,5,5,2,1,3,3,1,4,3,3,3,4,1,5,4,4,4,3,1,3,2,1,1,2,1,1,1,3,5,1,1,2,4,1,46,"Man",NA,5,40,3,75,18,"No","No","No","No","No","No","No","No","No","Yes","Yes","Yes","No","No",NA,"Civilization 6","Civilization 4","Disco Elysium","Sim City 4","Baldur's Gate","No","No"
"59",222,2,5,5,5,3,1,5,3,5,5,1,1,5,2,1,4,5,5,3,5,1,5,3,2,4,3,1,5,1,1,1,2,1,1,1,4,2,1,1,1,5,3,19,"Man",NA,5,12,30,84,86,"No","Yes","No","Yes","Yes","No","Yes","No","Yes","Yes","Yes","Yes","No","Yes","Sandbox","The Witcher 3","Minecraft","Terraria","Stellaris","GTA V","No","No"
"60",225,5,2,5,4,5,3,5,4,5,1,3,4,3,3,3,4,5,5,5,5,1,5,3,5,5,5,4,5,5,5,1,5,5,5,5,5,5,1,2,5,2,4,24,"Man",NA,5,20,20,100,100,"No","Yes","No","Yes","Yes","No","Yes","Yes","No","Yes","No","Yes","No","Yes",NA,"Uncharted 2","The Legend of Zelda: Majora's Mask","God of War","Journey","Titanfall 2","No","Yes"
"61",229,2,4,5,5,4,1,3,4,5,5,4,1,4,5,1,4,5,3,4,5,2,5,5,4,5,4,1,2,4,1,1,2,1,1,1,4,1,1,1,1,5,2,18,"Man",NA,5,14,30,100,100,"No","Yes","Yes","Yes","Yes","No","Yes","Yes","No","No","Yes","Yes","No","Yes",NA,"Minecraft","Fortnite","The Legend of Zelda Breath of the Wild","Halo Reach","Super Mario Bros Wii","No","No"
"62",230,5,5,4,4,5,2,5,2,3,2,3,4,4,2,3,3,5,5,4,5,2,5,4,5,5,3,3,5,2,4,1,4,4,2,4,5,3,1,1,4,4,5,27,"Man",NA,4,20,0,97,89,"No","No","Yes","Yes","No","No","No","No","No","No","Yes","Yes","No","No",NA,"The beginners guide","Civilations V","Tropico 6","Rise of Ruins","Zelda breath of the wild","No","Yes"
"63",232,4,2,5,5,5,1,5,5,5,1,1,3,5,4,1,5,5,5,5,5,1,5,3,4,5,5,5,5,1,2,1,5,5,1,2,5,5,1,1,1,5,5,26,"Man",NA,5,20,20,100,100,"No","Yes","No","Yes","Yes","Yes","Yes","Yes","Yes","Yes","No","No","Yes","Yes",NA,"Nier Automata","Final Fantasy 7 Remake","Zelda Majoras Mask","Bayonetta",NA,"No","No"
"64",235,5,3,5,5,5,1,5,5,5,4,5,4,5,5,5,5,5,5,5,5,3,5,5,5,5,5,5,4,1,1,1,3,1,1,4,5,5,1,1,4,5,3,18,"Man",NA,5,16,28,97,79,"No","Yes","No","Yes","No","No","Yes","No","No","Yes","No","Yes","No","No",NA,"Mass Effect 2","Fallout","The Witcher 3: Wild Hunt","Halo 2","XCOM 2","No","No"
"65",254,3,2,5,3,4,2,4,3,4,3,3,1,2,1,1,5,5,4,5,4,1,4,5,4,4,3,1,1,4,3,1,1,3,1,1,4,2,1,1,3,4,2,32,"Woman",NA,5,6,30,60,33,"No","No","No","Yes","No","No","No","Yes","No","Yes","No","No","No","No",NA,"Red Dead Redemption 2 (Rockstar 2018)","Prey (Arkane Studios 2017)","Dishonored 2 (Arkane Studios 2016)","Assassin's Creed: Origins (Ubisoft 2017)","Skyrim (Bethesda 2011)","No","Yes"
"66",255,4,3,3,2,5,2,2,2,2,2,2,1,4,2,2,3,3,2,4,2,3,3,2,3,4,3,1,4,2,1,1,3,2,1,1,2,5,1,1,2,3,4,25,"Man",NA,5,20,5,64,73,"No","Yes","No","Yes","No","No","Yes","Yes","No","Yes","Yes","Yes","Yes","No",NA,"Portal","Satisfactory","Half-Life 2","Overcooked","Borderlands 2","No","No"
"67",260,NA,NA,NA,NA,NA,NA,NA,NA,NA,NA,NA,NA,NA,NA,NA,NA,NA,NA,NA,NA,NA,NA,NA,NA,NA,NA,NA,NA,NA,NA,NA,NA,NA,NA,NA,NA,NA,NA,NA,NA,NA,NA,34,"Man",NA,5,30,10,100,8,"No","No","No","No","No","No","Yes","No","No","No","No","No","No","No",NA,"Quake 1 TF","Counter-Strike",NA,NA,NA,"No","No"
"68",262,5,1,5,3,5,3,5,4,2,1,4,5,3,2,1,5,5,5,2,4,3,5,2,1,5,1,1,5,1,1,1,5,2,1,4,3,1,1,1,5,4,1,21,"Man",NA,5,13,4,82,24,"No","No","Yes","Yes","No","No","No","No","No","Yes","Yes","No","No","No","Narrative-based, “Walking Simulator”","Life is Strange","Oxenfree","Night in the Woods","The Stanley Parable","Afterparty","No","No"
"69",263,4,3,5,5,4,1,5,3,5,3,2,1,4,4,3,3,5,5,5,5,1,5,4,3,4,2,2,3,4,4,1,2,5,1,4,4,4,1,1,3,4,2,27,"Man",NA,5,20,16,100,48,"Yes","No","No","Yes","No","Yes","No","No","Yes","Yes","Yes","Yes","No","Yes",NA,"Red Dead Redemption 2","Stardew Valley","World of Warcraft","Banjo Kazooie","Civilization 6","No","No"
"70",266,3,5,4,5,4,1,5,4,5,3,1,1,5,5,1,5,4,5,5,5,1,5,5,4,5,4,1,5,5,1,1,5,2,1,1,2,5,1,1,1,5,3,28,"Woman",NA,5,24,6,72,62,"No","Yes","No","Yes","Yes","No","Yes","Yes","No","No","No","No","No","No",NA,"Left 4 Dead 2","Borderlands","Resident Evil 2","Gears of War","Unravel Two","No","No"
"71",268,4,3,5,4,5,3,2,3,3,4,4,3,5,4,3,4,3,4,5,2,4,4,5,4,4,3,3,5,4,1,2,4,4,4,4,5,4,3,4,3,4,5,26,"Man",NA,5,23,10,100,89,"Yes","Yes","Yes","Yes","Yes","No","Yes","Yes","No","Yes","Yes","Yes","Yes","Yes",NA,"Paper Mario (N64)","Minecraft","Shovel Knight","Pikmin","Harvest Moon (SNES)","Yes","Yes"
"72",269,3,5,5,4,5,1,4,3,4,5,5,1,4,5,1,4,5,3,5,5,1,5,4,3,5,1,1,2,3,1,1,3,3,1,1,5,4,1,1,1,4,1,38,"Woman",NA,5,30,10,66,80,"Yes","Yes","Yes","Yes","Yes","No","No","No","No","Yes","Yes","Yes","Yes","No",NA,"Far Cry 5","Divinity of Sin 2","Katamari Damacy","FFX","most Lego games","No","Yes"
"73",273,3,5,5,5,4,1,4,4,5,5,1,1,5,5,1,4,5,4,5,5,1,5,5,4,5,5,1,3,1,1,1,3,2,1,1,2,5,1,1,1,5,3,28,"Woman",NA,5,22,10,74,61,"No","No","Yes","Yes","Yes","No","No","Yes","Yes","Yes","Yes","No","Yes","Yes",NA,"Legend of Zelda: Breath of the Wild","Final Fantasy XV","Minecraft","Okami","Ace Attorney Apollo Justice","No","No"
"74",278,3,2,5,4,5,2,2,5,3,2,4,3,1,1,3,2,5,2,5,4,4,5,4,4,3,4,2,4,1,3,1,1,1,3,1,4,1,1,1,4,5,2,32,"Man",NA,5,20,5,100,75,"No","Yes","Yes","Yes","Yes","No","No","Yes","Yes","Yes","Yes","Yes","Yes","Yes",NA,"Starcraft","Half life","Stationeers","Satisfactory","Diablo III","No","No"
"75",279,3,5,5,5,5,1,5,2,5,2,2,1,5,5,1,3,5,5,4,5,1,5,5,2,3,1,1,4,1,1,1,1,2,1,1,2,1,1,1,1,5,1,28,"Non-Binary",NA,5,20,10,39,22,"Yes","Yes","No","Yes","Yes","No","No","Yes","No","No","Yes","No","Yes","No",NA,"Uncharted","The Last of Us","The Sims","BioShock","Ark","No","No"
"76",281,1,5,5,5,3,1,4,3,3,3,4,1,4,5,1,3,3,4,3,4,1,4,4,3,3,3,1,3,5,1,1,3,2,1,1,1,3,1,1,1,5,3,19,"Man",NA,5,10,16,71,68,"No","No","No","Yes","No","No","No","No","No","No","No","No","No","Yes","Racing Games","Minecraft","Halo 3","Animal Crossing: New Horizons","Mario Kart Wii","Mario Kart 8 Deluxe","No","No"
"77",284,5,3,5,3,5,1,5,4,3,4,4,2,5,2,1,3,3,5,3,5,2,4,4,5,4,3,1,5,2,1,1,3,3,1,1,4,2,5,1,1,4,3,31,"Man",NA,5,22,14,100,76,"No","No","No","Yes","No","Yes","No","No","No","Yes","No","No","No","No",NA,"The longest journey","The Legend of Zelda: Breath of the Wild","Syberia","Monkey Island","Paragon","No","No"
"78",285,5,1,5,4,5,4,4,4,5,1,5,5,3,1,5,3,5,5,5,4,4,5,4,1,2,3,1,4,1,1,1,2,3,1,1,5,3,1,2,3,3,3,28,"Man",NA,5,20,3,86,63,"No","Yes","No","Yes","Yes","Yes","No","No","No","Yes","No","Yes","No","Yes",NA,"Super Smash Brothers Ultimate","Civilization 6","Papers Please","Spider-man","Jade Empire","No","No"
"79",294,2,1,3,1,3,1,4,1,4,1,1,2,4,1,5,1,2,4,3,1,1,3,1,1,2,1,1,4,3,1,1,1,5,1,3,2,3,1,1,5,1,1,30,"Woman",NA,5,23,1,100,70,"No","No","Yes","No","No","No","No","Yes","No","No","Yes","Yes","No","No",NA,"This war of mine","Cities Skylines","Elder Scrolls Skyrim","Layers of fear","Torchlight II","No","No"
"80",301,3,3,4,5,5,2,4,3,4,3,4,2,5,3,1,4,4,5,4,4,4,4,3,2,3,3,1,4,5,1,1,4,4,1,4,3,3,3,1,3,3,3,24,"Man",NA,5,15,6,85,95,"Yes","No","No","Yes","No","Yes","Yes","No","No","No","No","No","No","No","Walking Sims","The Stanley Parable","Return of the Obra Dinn","World of Warcraft","Firewatch","Darkest Dungeon","Yes","Yes"
"81",303,4,4,5,5,5,1,5,4,5,4,4,3,5,3,1,3,5,5,4,5,3,5,4,3,5,3,3,5,4,1,1,5,4,1,1,4,5,1,1,2,4,4,30,"Man",NA,4,26,3,82,21,"No","Yes","No","Yes","No","No","No","No","No","No","No","No","No","No",NA,"GTA: San Andreas","Shadow of the Colossus","Tomb Rider (recent reboot)","Final Fantasy IX","Super Mario","No","No"
"82",318,5,3,5,3,5,5,5,4,5,3,3,4,5,1,5,5,5,5,5,5,2,5,2,5,5,5,4,5,4,4,1,5,4,1,4,5,4,1,1,5,2,5,25,"Man",NA,5,20,10,100,100,"No","Yes","Yes","Yes","No","No","Yes","Yes","Yes","Yes","No","No","No","Yes",NA,"The Witcher 3","What Remains of Edith Finch","Dragon Age: Inquisition","Everyone’s Gone to the Rapture","Final Fantasy 14","No","Yes"
"83",319,NA,NA,NA,NA,NA,NA,NA,NA,NA,NA,NA,NA,NA,NA,NA,NA,NA,NA,NA,NA,NA,NA,NA,NA,NA,NA,NA,NA,NA,NA,NA,NA,NA,NA,NA,NA,NA,NA,NA,NA,NA,NA,23,"Man",NA,5,10,3,66,80,"No","No","No","No","Yes","No","No","No","No","Yes","No","No","No","No",NA,NA,NA,NA,NA,NA,"No","Yes"
"84",321,3,4,5,5,5,1,4,4,5,5,2,1,5,4,1,4,5,5,4,5,2,5,5,4,5,4,1,4,2,1,1,3,4,1,1,4,4,1,1,1,5,3,24,"Non-Binary",NA,5,16,8,62,67,"No","Yes","No","Yes","No","No","No","No","Yes","No","No","No","No","No","Specific preference for Open World games","Dragon Age: Inquisition","Breath of the Wild","Witcher 3","Overwatch","Animal Crossing","No","Yes"
"85",323,5,2,5,4,4,2,5,3,4,3,5,2,5,3,4,4,4,5,5,4,1,5,2,4,4,3,2,5,3,2,1,4,3,1,1,5,4,1,2,3,4,3,23,"Man",NA,5,17,3,81,78,"No","Yes","No","Yes","Yes","No","Yes","Yes","No","No","No","No","No","Yes",NA,"Metal Gear Solid Series","Hotline Miami","Splinter Cell","Gran Turismo","Halo","No","No"
"86",329,4,5,5,5,5,1,5,5,5,5,3,1,4,4,2,5,5,5,5,5,1,5,5,5,5,5,1,5,4,1,1,5,5,1,3,5,5,1,1,1,5,5,29,"Woman",NA,5,24,15,82,75,"No","Yes","No","Yes","No","No","No","Yes","No","Yes","Yes","Yes","No","Yes","Building games; resource games","Final Fantasy X","Metal Gear Solid 4","Hitman (recent)","Divinity Original Sin 2","Sims 4","No","Yes"
"87",331,NA,NA,NA,NA,NA,NA,NA,NA,NA,NA,NA,NA,NA,NA,NA,NA,NA,NA,NA,NA,NA,NA,NA,NA,NA,NA,NA,NA,NA,NA,NA,NA,NA,NA,NA,NA,NA,NA,NA,NA,NA,NA,21,"Man",NA,4,13,3,60,41,"No","Yes","No","No","No","Yes","Yes","No","No","No","No","No","No","No","Multiplayer in general","League of legends","Overwatch","Grand Theft Auto","Minecraft","Civ","No","Yes"
"88",333,3,4,5,5,4,1,5,3,5,4,4,1,5,4,1,3,5,5,5,5,4,5,3,4,4,3,5,5,4,3,1,3,5,2,5,3,5,1,1,2,5,3,18,"Man",NA,5,12,4,100,100,"No","Yes","No","Yes","Yes","Yes","Yes","Yes","No","Yes","No","No","No","Yes",NA,"The Last of Us 2","Portal 2","The Binding of Isaac","Pokemon Crystal","Hotline Miami","No","No"
"89",338,4,1,5,4,5,1,4,4,4,4,5,1,4,3,1,3,5,3,5,4,5,5,5,5,5,4,4,4,4,1,1,3,4,1,1,3,5,1,1,1,4,4,28,"Man",NA,5,22,7,100,100,"Yes","Yes","Yes","Yes","Yes","Yes","Yes","Yes","Yes","Yes","Yes","Yes","No","Yes",NA,"Undertale","Neverwinter nights","Monkey Island","Day of the tentacle","Duke Nukem","No","No"
"90",344,3,2,5,3,4,1,5,2,4,2,3,2,4,5,1,2,5,5,5,2,3,5,4,3,3,2,1,5,5,3,1,3,4,1,4,5,3,1,1,5,2,2,28,"Man",NA,5,22,3,70,37,"No","Yes","No","No","No","No","No","Yes","No","Yes","Yes","Yes","No","No",NA,"Mass Effect","Civilization VI","The Talos Principle","Life Is Strange","Pokemon","No","No"
"91",348,2,5,5,2,4,1,1,2,4,5,3,1,5,5,1,2,3,2,4,2,3,5,4,3,2,1,1,4,1,1,1,1,1,1,1,1,1,1,1,1,4,2,23,"Woman",NA,5,12,4,13,8,"Yes","No","Yes","No","No","No","No","Yes","No","No","Yes","No","No","Yes",NA,"Animal Crossing","Stardew Valley","Little big planet","super mario bros","Diner Dash","No","No"
"92",353,4,3,5,5,5,1,5,3,5,3,2,2,4,2,1,4,5,4,5,5,4,5,4,3,5,1,4,4,4,1,1,2,2,1,1,4,5,1,1,2,2,3,32,"Woman",NA,4,27,15,68,71,"Yes","No","No","Yes","No","Yes","No","Yes","No","No","No","Yes","No","No",NA,"Starcraft II","Super mario bros","skyrim","hearthstone","age of empires","No","No"
"93",358,4,5,5,3,5,4,5,5,5,4,5,4,5,4,4,4,5,5,5,3,5,2,4,4,5,4,2,5,5,3,1,5,5,1,2,5,3,1,1,5,4,5,38,"Man",NA,5,20,1,NA,100,"No","No","Yes","Yes","No","No","No","Yes","No","Yes","No","Yes","No","No",NA,"Chrono Trigger","Night in the Woods,","A Short Hike","Zelda: Breath of the Wild","Secret of Mana","Yes","Yes"
"94",361,1,1,4,2,3,1,2,2,3,1,1,1,2,1,1,4,5,3,4,3,1,3,2,2,3,3,1,3,1,2,1,2,3,1,2,3,2,1,1,1,1,4,30,"Woman",NA,5,25,14,79,28,"No","No","Yes","Yes","No","No","No","No","No","Yes","No","Yes","No","Yes",NA,"Fire Emblem: Three Houses","Dragon Age: Origins","Fallout: New Vegas","Final Fantasy Tactics","Persona 4 Golden","No","No"
"95",367,5,2,5,5,5,1,5,5,5,2,4,1,5,5,2,5,5,5,5,5,4,5,5,4,5,5,2,5,5,2,1,5,5,2,4,5,5,5,1,2,5,5,30,"Non-Binary",NA,5,6,2,98,79,"Yes","Yes","Yes","Yes","No","No","No","Yes","Yes","Yes","Yes","Yes","Yes","Yes",NA,"The Last of Us","Okami","Pokemon","Far Cry 3","Mario Kart 8","No","No"
"96",375,3,4,5,2,4,1,4,2,3,4,2,2,3,3,1,1,3,5,3,3,2,5,4,5,4,2,2,5,1,1,1,1,3,1,1,2,4,1,1,1,4,1,18,"Man",NA,4,6,5,100,35,"Yes","Yes","Yes","Yes","No","No","No","No","No","Yes","Yes","Yes","Yes","No",NA,"Grand Theft Auto V","Beat Saber","Firewatch","Minecraft","Red Dead Redemption 2","No","Yes"
"97",384,4,5,5,4,3,1,4,3,4,5,3,1,4,2,2,4,5,3,5,4,1,5,4,3,4,4,1,4,1,1,1,3,1,1,1,3,5,1,1,1,4,1,23,"Man",NA,5,15,30,100,88,"Yes","Yes","No","Yes","Yes","No","Yes","Yes","Yes","No","Yes","Yes","Yes","Yes","Sports","MLB the show","Uncharted series","Fallout new Vegas","Overwatch","Minecraft","No","No"
"98",386,2,5,4,5,4,3,4,4,5,2,4,4,3,3,1,4,5,5,5,5,1,3,3,5,5,1,4,5,2,1,1,4,2,1,1,1,5,1,1,1,4,1,21,"Man",NA,5,16,30,96,93,"No","Yes","No","No","Yes","No","Yes","No","Yes","Yes","Yes","No","Yes","Yes",NA,"Dark Souls","Skyrim","Pokémon HeartGold/SoulSilver","Super Mario 64","GTA IV","No","No"
"99",387,2,4,5,4,3,1,4,3,4,4,3,2,3,2,1,2,5,4,4,5,2,5,4,4,5,4,4,5,2,1,2,4,2,1,1,4,3,2,1,1,4,4,19,"Woman",NA,5,16,25,65,40,"No","No","Yes","Yes","No","No","No","Yes","No","No","Yes","Yes","No","No",NA,"Legend of Zelda: breath of the wild","Skyrim","Pokemon sword","Overcooked 2","Mario kart","No","No"
"100",388,3,2,4,5,4,1,4,4,5,3,3,3,3,4,1,1,5,2,4,5,1,5,4,4,5,3,3,5,3,1,1,4,2,1,2,4,4,1,1,1,4,3,18,"Man",NA,5,11,14,82,76,"No","No","No","Yes","No","Yes","Yes","Yes","No","Yes","Yes","Yes","No","Yes",NA,"Hollow Knight","The Witcher 3: Wild Hunt","Kerbal Space Program","DotA 2","Call of Duty: Black Ops 2","No","No"
"101",389,1,1,5,4,4,1,5,2,4,1,3,1,5,4,1,2,5,5,3,3,1,5,1,1,2,2,2,4,5,1,1,5,4,1,1,2,2,1,1,2,1,1,23,"Man",NA,5,19,30,100,21,"Yes","Yes","No","Yes","No","No","Yes","Yes","Yes","Yes","Yes","Yes","No","No",NA,"The Elderscrolls V: Skyrim","The Elderscrolls Online","Minecraft","Doom","Rage of Mages 2 Necromancer","No","No"
"102",393,5,3,5,5,5,5,5,4,5,3,3,4,4,3,5,5,4,5,5,5,3,5,3,5,5,5,1,5,5,3,1,5,5,3,3,4,5,1,1,2,3,4,25,"Man",NA,5,15,10,100,86,"No","Yes","Yes","Yes","Yes","No","Yes","No","Yes","Yes","Yes","Yes","No","No",NA,"The Last of Us","Hellblade: Senua's Sacrifice","Uncharted (all four games)","Life if Strange","Horizon Zero Dawn","No","No"
"103",398,5,4,5,5,5,1,4,2,4,2,4,3,4,1,1,2,5,3,5,5,3,5,4,4,4,4,3,5,3,1,1,5,2,1,1,5,5,1,1,1,3,2,18,"Man",NA,5,8,4,87,30,"No","Yes","No","Yes","No","No","No","No","No","Yes","No","No","No","Yes",NA,"Disco Elysium","Hollow Knight","Celeste","Hyper Light Drifter","Shovel Knight","No","No"
"104",403,4,5,5,4,5,2,5,1,5,4,3,1,4,4,1,1,5,5,5,4,1,4,5,2,5,1,4,5,4,2,1,3,5,3,1,5,5,5,1,1,3,2,24,"Man",NA,4,15,6,67,31,"No","Yes","No","Yes","No","No","No","No","No","No","No","Yes","No","No","Survival games","The last of us","Minecraft","Uncharted 2","Far cry 3","Age of empires 2 Forgotten Empires","No","No"
"105",405,2,4,5,3,4,1,1,1,4,4,3,3,1,1,1,1,5,1,4,3,2,5,4,5,5,2,4,2,1,1,1,4,2,1,1,5,2,5,1,1,4,5,23,"Woman",NA,4,7,6,76,68,"No","Yes","Yes","Yes","No","Yes","Yes","Yes","No","Yes","Yes","No","No","No",NA,"Apex Legends","Borderlands 2","Witcher 3","Overwatch","Fallout 4","No","No"
"106",407,4,3,5,4,4,1,3,2,4,5,3,3,1,3,1,4,5,2,5,3,1,5,5,5,5,4,2,3,2,1,1,4,1,1,1,4,5,1,1,1,5,4,19,"Man",NA,5,14,20,90,92,"Yes","Yes","Yes","Yes","Yes","Yes","Yes","Yes","No","Yes","Yes","Yes","Yes","Yes",NA,"The Legend of Zelda: Breath of the Wild","Super Smash Bros. Ultimate","The Witcher 3: Wild Hunt","Overwatch","Super Mario Odyssey","No","No"
"107",409,4,3,5,4,4,1,5,1,3,2,1,3,5,4,1,2,5,5,4,4,1,5,3,4,4,4,1,5,5,1,1,5,4,1,4,3,4,1,1,2,2,5,18,"Other","Female to male trans man",5,7,8,68,34,"No","Yes","Yes","No","No","No","No","No","No","Yes","No","Yes","No","No",NA,"The Elder Scrolls V: Skyrim","Shadow of the Colossus","The Last of Us Part 1 and 2","2064 Read Only Memories","Spore","No","No"
"108",411,3,4,3,1,4,1,1,3,1,1,1,1,1,1,1,2,2,1,4,1,1,1,2,4,4,3,1,3,1,1,1,3,1,1,1,3,1,1,2,1,1,2,31,"Man",NA,5,27,15,100,30,"Yes","No","No","Yes","No","No","No","Yes","Yes","Yes","No","Yes","No","No",NA,"Pokémon Sword","Chrono Cross","Eternal Darkness: Sanity's Requiem","Final Fantasy XIV","Baten Kaitos: Eternal Wings and the Lost Ocean","No","No"
"109",416,5,1,4,2,4,2,4,3,3,1,3,4,2,1,5,1,4,3,5,2,3,3,2,4,4,1,4,5,4,2,1,5,4,1,3,5,4,1,3,4,1,2,34,"Man",NA,5,24,5,NA,26,"No","No","No","No","No","No","No","No","No","No","No","Yes","No","No",NA,"Civilization 5",NA,NA,NA,NA,"No","No"
"110",418,4,5,5,5,5,1,5,2,5,5,4,3,3,4,1,1,5,5,5,5,1,5,3,4,4,3,2,5,2,1,1,4,4,1,2,3,3,2,1,1,4,2,24,"Woman",NA,5,15,30,70,69,"Yes","No","Yes","Yes","No","No","No","Yes","No","Yes","Yes","Yes","Yes","No",NA,"Skyrim","Fallout 4","Mass Effect Andromeda","Hearthstone","Magic The Gathering Arena","No","No"
"111",420,4,4,5,5,4,1,2,2,4,4,4,2,5,4,2,3,5,2,5,5,4,5,5,5,5,5,3,4,3,4,2,1,3,3,3,4,4,2,2,3,5,5,29,"Woman",NA,5,24,4,50,42,"No","No","Yes","Yes","No","No","No","Yes","No","Yes","No","No","No","No",NA,"Dark Cloud 2","Zelda: Breath of the Wild","Xenoblade Chronicles X","Phoenix Wright: Ace Attorney","Broken Age","No","No"
"112",424,1,3,5,5,4,1,5,3,5,3,2,1,5,3,1,3,5,4,5,5,1,5,5,2,5,5,1,4,1,1,1,3,1,1,1,2,5,1,1,1,5,3,19,"Non-Binary",NA,5,17,10,66,79,"No","No","Yes","Yes","Yes","No","No","No","Yes","Yes","Yes","No","Yes","No",NA,"Okami","Pokemon Diamond/Pearl/Platinum","Borderlands 2","the Witcher 3","The Last of Us","No","No"
"113",427,4,2,5,4,4,1,4,3,3,3,3,2,4,3,2,4,4,5,5,4,3,3,4,4,4,2,1,5,2,1,1,5,3,2,1,4,3,1,1,2,5,4,19,"Woman",NA,5,9,25,79,100,"Yes","Yes","Yes","Yes","Yes","No","Yes","No","No","Yes","Yes","Yes","Yes","No",NA,"fire emblem three houses","animal crossing new horizons","persona 4","halo reach","the witcher 3","No","No"
"114",429,5,4,4,2,4,1,5,1,4,4,2,1,4,4,1,3,4,4,5,3,2,4,3,4,4,1,3,5,4,1,1,4,4,1,4,4,1,1,1,3,2,2,41,"Man",NA,5,35,8,75,71,"No","Yes","No","Yes","No","No","Yes","Yes","No","No","No","Yes","No","Yes",NA,"BOTW","Civ 5","Borderlands 2","Thimbleweed Park","Curious Expedition","Yes","No"
"115",431,5,4,4,4,4,2,4,4,4,1,1,5,2,1,1,3,4,4,4,5,1,4,2,3,4,1,4,3,4,1,1,4,4,1,4,5,3,1,1,4,4,3,33,"Non-Binary",NA,4,27,10,85,80,"No","No","Yes","Yes","No","No","No","Yes","No","No","No","No","No","No",NA,"Shadowgate 64","Beeswing","Flower, Sun and Rain","Bronze by Emily Short","Chibi-Robo!","No","Yes"
"116",438,4,3,5,5,5,1,4,4,4,3,2,1,3,3,2,4,5,4,5,5,1,5,4,5,5,3,3,5,4,2,1,3,4,2,1,4,5,1,1,4,3,5,52,"Woman",NA,5,35,10,100,61,"No","Yes","Yes","Yes","No","No","Yes","No","No","Yes","No","No","No","Yes",NA,"Bioshock series","Skyrim","Limbo","Dark Souls series","Red Dead Redemption series","No","No"
"117",443,4,2,5,3,5,2,4,4,5,1,5,3,4,4,4,5,5,5,5,4,3,5,5,5,5,3,3,5,4,1,1,5,4,3,4,4,3,1,1,5,3,5,35,"Man",NA,5,31,15,100,87,"No","Yes","Yes","Yes","Yes","No","Yes","Yes","No","Yes","Yes","Yes","Yes","Yes",NA,"Metal Gear Solid","Outer Wilds","Resident Evil 2","Binding of Isaac","Doom","Yes","Yes"
"118",444,2,4,5,5,4,1,4,3,5,4,1,1,4,5,1,1,5,4,3,5,1,5,4,2,4,3,1,3,3,1,1,2,1,1,1,4,5,1,1,1,5,1,42,"Man",NA,4,30,6,61,92,"No","Yes","No","Yes","No","No","Yes","Yes","No","No","Yes","Yes","No","Yes",NA,"Escape from Tarkov","Overcooked","World of Tanks","World of Goo","Doom","No","No"
"119",451,3,1,5,5,5,1,5,5,5,1,2,2,4,1,1,5,5,5,3,5,1,5,5,1,3,5,1,5,1,1,1,4,1,1,1,5,5,1,1,1,5,5,21,"Man",NA,5,18,20,100,100,"No","Yes","No","Yes","No","No","Yes","Yes","No","Yes","No","No","No","Yes",NA,"NieR: Automata","Bloodborne","Hollow Knight","Outer Wilds","Celeste","No","No"
"120",452,3,1,5,5,4,1,3,1,5,1,5,2,5,1,1,5,5,5,5,4,2,5,1,5,5,2,4,5,2,1,1,5,1,1,1,5,5,1,1,4,4,1,19,"Man",NA,4,11,20,NA,NA,"Yes","Yes","Yes","Yes","Yes","Yes","No","Yes","Yes","Yes","Yes","Yes","No","Yes","walking simulators","bloodborne","bioshock","ico","nier","darkest dungeon","No","No"
"121",453,3,4,5,5,5,1,5,4,5,4,5,3,5,4,3,4,5,5,5,5,3,5,5,5,5,4,5,5,4,5,3,4,5,4,5,5,3,3,2,5,5,5,18,"Woman",NA,5,5,7,22,75,"Yes","Yes","Yes","Yes","No","No","No","No","No","No","No","No","Yes","No","Indie games","TellTales' The Walking Dead","Detroit Become Human","The Last of Us 1 and 2","Five Nights at Freddy's","Until Dawn","No","Yes"
"122",456,1,2,5,5,3,1,2,1,5,2,4,1,1,1,1,3,4,2,2,3,2,4,4,4,4,2,2,1,1,1,1,1,2,1,1,3,1,2,1,1,4,3,23,"Man",NA,5,16,12,90,90,"No","Yes","Yes","Yes","No","No","Yes","Yes","No","Yes","Yes","Yes","Yes","Yes",NA,"Half-Life Alyx","The Elder Scrolls Morrowind","Jet Island","Fallout 3","Euro truck Simulator 2","No","No"
"123",489,4,5,4,5,5,2,3,3,5,5,2,2,2,1,2,2,4,4,4,3,2,5,4,5,4,3,3,5,2,2,2,4,2,2,2,3,5,1,2,2,3,4,22,"Man",NA,5,18,20,100,100,"No","Yes","No","Yes","No","No","Yes","Yes","No","Yes","No","Yes","No","Yes",NA,"Planescape: Torment","Age of Empires: Rise of Rome","Thief II: The Metal Age","Legacy of Kain: Soul Reaver 2","Prince of Persia: Warrior Within","Yes","No"
"124",491,2,4,5,5,5,1,5,1,5,5,4,1,5,5,1,2,1,5,4,5,1,5,4,5,2,2,1,5,4,1,1,2,5,1,2,2,4,1,1,2,5,1,23,"Woman",NA,5,3,2,33,39,"No","No","No","No","No","No","No","No","No","No","Yes","No","No","No",NA,"Firewatch","The Binding of Isaac","Leo's Fortune","Duet",NA,"No","No"
"125",494,3,4,5,5,2,1,5,5,5,5,1,1,5,5,1,4,4,4,2,5,1,5,5,4,5,5,3,5,4,1,1,5,4,1,1,3,3,1,1,1,4,4,36,"Non-Binary",NA,5,30,15,63,26,"No","No","No","No","No","No","No","No","No","Yes","No","No","Yes","No","Rougelikes, metroidvanias, indies","Rez Infinite","Ico","Persona 3","Bloodborne","Final fantasy series","No","No"
"126",497,4,2,5,3,5,1,2,4,3,4,4,2,2,2,1,3,3,3,4,2,4,5,5,4,4,4,4,2,3,1,2,4,3,1,1,4,4,2,1,1,4,1,23,"Woman",NA,4,12,20,NA,33,"Yes","Yes","No","Yes","Yes","Yes","Yes","Yes","No","Yes","Yes","No","No","No",NA,"Pubg","Witcher","Gta","Deadspace","Farcry","No","Yes"
"127",500,3,3,4,2,4,2,1,3,3,3,3,3,1,2,2,3,3,2,4,3,3,3,3,4,3,3,3,4,3,3,3,4,3,2,1,4,3,3,1,3,3,3,37,"Woman",NA,5,33,38,73,39,"No","No","No","Yes","No","No","No","No","No","Yes","Yes","No","No","No",NA,"Disco Elysium","Wolf Among Us","Civilization series","Mass Effect series",NA,"Yes","No"
"128",504,3,1,3,1,3,5,5,2,2,2,2,4,5,1,5,1,3,5,4,3,2,5,2,3,4,1,2,5,5,2,1,3,5,1,4,2,3,1,4,5,1,1,30,"Man",NA,5,24,4,64,21,"Yes","No","No","No","No","No","No","No","No","Yes","Yes","Yes","No","No",NA,"Baldur's Gate (series)","Civilization (most games in series, no strong pref","Sunless Sea","Legend of Zelda: Ocarina of Time","Final Fantasy VII","No","No"
"129",505,1,3,4,4,2,1,5,1,4,3,1,1,3,2,1,2,3,4,2,5,1,5,3,1,2,2,1,3,3,1,1,1,1,1,1,2,3,1,1,1,4,1,24,"Man",NA,5,20,15,100,77,"Yes","Yes","No","Yes","No","Yes","Yes","Yes","Yes","Yes","No","No","Yes","Yes",NA,"Hearthstone","Dungeons and Dragons Online","Spyro the Dragon","World of Warcraft","Smite","Yes","No"
"130",506,5,2,5,5,5,1,5,5,5,2,5,1,5,5,1,5,5,5,5,5,3,5,5,5,5,5,1,5,5,3,1,5,4,1,3,5,5,1,1,3,5,5,26,"Woman",NA,5,18,20,76,28,"No","Yes","No","Yes","No","No","No","No","No","Yes","Yes","No","No","No","Interactive games","Life is strange 2","The witcher 3","The walking dead season 1","The wolf among us","Heavy rain","No","No"
"131",507,3,1,5,3,3,2,2,4,3,1,4,1,1,1,1,3,5,1,3,4,4,4,3,2,5,4,4,3,1,3,1,1,1,2,1,3,5,1,1,1,4,4,19,"Man",NA,5,14,10,65,82,"No","No","No","No","Yes","No","Yes","Yes","No","Yes","No","Yes","Yes","Yes",NA,"The Legend of Zelda: The Windwaker","Super Smash Bros. Brawl","Minecraft","Doom (2016)","Final Fantasy X","No","No"
"132",512,5,3,5,5,5,1,4,2,5,4,3,4,5,5,4,2,5,5,5,4,2,5,2,5,5,2,4,5,5,4,2,3,5,1,4,5,5,1,1,3,1,4,25,"Man",NA,4,19,5,100,100,"Yes","Yes","Yes","Yes","Yes","Yes","Yes","Yes","Yes","Yes","No","Yes","Yes","Yes",NA,"Kingdom Hearts Series","Monster Hunter Series","The Legend of the Zelda Series","League of Legends","Sid Meier's Civilization Series","Yes","Yes"
"133",524,2,4,5,5,4,1,3,2,5,3,5,2,2,3,1,3,5,4,5,3,4,5,5,4,4,2,2,1,1,2,1,2,1,1,1,5,5,1,1,2,5,4,34,"Woman",NA,5,28,3,68,35,"No","Yes","No","Yes","No","No","No","Yes","No","Yes","No","No","No","Yes",NA,"Yoshi's Island","Jak 2","Fable II","Donkey Kong Country 1-3","Raw Data","No","Yes"
"134",525,2,1,5,3,1,2,1,2,4,3,4,2,3,3,1,1,2,3,5,4,3,4,4,3,5,2,2,2,4,1,2,1,1,1,1,3,4,2,1,2,4,1,23,"Woman",NA,5,18,28,93,74,"Yes","Yes","Yes","Yes","No","No","No","Yes","Yes","Yes","Yes","Yes","Yes","No","Sandbox","No Man’s Sky","Warframe","Digimon: Cyber Sleuth","Animal Crossing New Horizons","Fire Emblem: Awakening","No","Yes"
"135",528,3,2,4,5,4,1,3,1,3,2,3,4,2,1,1,1,3,3,4,4,2,5,5,3,4,2,4,5,3,1,1,3,3,1,2,3,2,1,1,1,2,1,18,"Other","trans male",5,10,15,41,76,"No","No","No","Yes","Yes","No","No","Yes","No","No","Yes","Yes","No","Yes",NA,"The Legend of Zelda: Breath of the Wild","The Stanley Parable","The Sims 4","The Legend of Zelda: Ocarina of Time","Fortnite","No","No"
"136",529,4,5,5,4,3,1,3,3,5,5,5,2,5,5,2,3,5,3,5,4,4,4,5,5,4,2,3,5,5,1,2,4,1,1,2,4,5,1,1,2,5,3,21,"Woman",NA,4,13,8,63,67,"Yes","Yes","Yes","Yes","No","No","No","Yes","No","Yes","Yes","Yes","Yes","Yes",NA,"Professor Layton saga","The legend of zelda saga","Super mario 64","Sky: children of the light","Room: scape","No","No"
"137",533,1,2,5,3,4,2,3,5,1,1,1,3,3,3,3,4,5,3,4,3,2,5,3,4,3,4,4,1,5,5,1,5,5,5,5,5,5,3,1,5,4,2,20,"Woman",NA,5,12,25,79,72,"Yes","No","Yes","Yes","No","No","Yes","Yes","Yes","Yes","Yes","Yes","No","Yes",NA,"Halo 2","Star Wars: Battlefront","The Last of Us part 2","Undertale","Detroit: Become Human","No","Yes"
"138",535,3,2,5,3,4,1,3,3,5,4,5,1,4,4,1,3,5,3,5,4,3,4,5,5,5,3,4,2,3,3,3,2,2,1,3,2,4,3,1,1,4,1,30,"Man",NA,5,20,10,82,93,"Yes","Yes","Yes","Yes","No","No","No","Yes","No","Yes","Yes","No","Yes","Yes",NA,"Rocksmith","Spiderman(gamecube)","Luigi's mansion","Super smash bros melee","Pokemon stadium","No","No"
"139",537,2,3,5,4,5,1,5,2,5,3,5,1,5,5,1,1,3,5,4,5,1,5,3,5,5,2,3,5,5,1,1,5,4,1,1,2,5,1,1,1,4,4,19,"Man",NA,5,13,60,100,13,"No","No","No","No","No","Yes","No","No","Yes","Yes","No","No","No","No","Third person shooters","Mabinogi","The Secret World Legends","APB: Reloaded","Wonderland Online","Smite","No","Yes"
"140",538,2,4,5,4,5,1,2,4,4,5,5,3,4,4,1,4,5,2,4,4,5,5,3,4,4,3,4,1,2,1,1,1,1,2,2,4,4,1,1,2,4,3,57,"Man",NA,5,40,1,72,68,"No","No","No","No","Yes","No","No","No","No","No","No","Yes","No","No",NA,"Redneck Rampage","Redneck Rampage Rides Again","Doom",NA,NA,"No","No"
"141",540,NA,NA,NA,NA,NA,NA,NA,NA,NA,NA,NA,NA,NA,NA,NA,NA,NA,NA,NA,NA,NA,NA,NA,NA,NA,NA,NA,NA,NA,NA,NA,NA,NA,NA,NA,NA,NA,NA,NA,NA,NA,NA,19,"Man",NA,4,11,45,74,73,"No","No","No","Yes","No","Yes","No","No","No","No","No","Yes","No","No",NA,"1.- Dota 2","The Legend of Zelda",NA,NA,NA,"No","No"
"142",548,4,4,4,5,4,1,5,4,5,3,1,1,5,1,1,4,4,5,5,5,1,5,4,5,4,4,4,4,5,1,1,4,4,1,3,4,4,1,1,2,4,3,41,"Man",NA,4,31,15,100,94,"No","Yes","No","Yes","Yes","No","Yes","Yes","No","Yes","Yes","Yes","Yes","Yes",NA,"Brothers: A Tale of Two Sons","Battlefield V","Tetris Effect","Journey","Baba is You","Yes","No"
"143",557,1,4,4,5,3,5,5,4,5,5,3,2,5,1,2,3,3,5,4,5,3,5,4,4,3,4,3,1,3,5,1,2,5,1,3,3,5,1,1,2,5,4,25,"Man",NA,5,20,80,100,17,"No","No","No","No","No","No","No","No","No","Yes","No","No","No","No",NA,"Fallout: New Vegas (modded)","Skyrim (modded)","Little big Planet","Expeditions Viking","Code Vein","Yes","Yes"
"144",558,5,3,4,4,5,3,4,2,2,3,4,4,3,1,1,3,3,4,4,2,4,3,3,4,3,1,4,5,1,1,1,2,2,3,1,4,4,2,1,4,3,3,24,"Man",NA,4,20,30,93,77,"No","Yes","No","Yes","No","No","No","Yes","Yes","Yes","Yes","Yes","No","Yes",NA,"Zelda Breath of the Wild","Pikmin 3","XCom",NA,NA,"Yes","No"
"145",563,2,5,5,5,5,1,5,4,5,5,2,1,5,5,1,3,5,4,4,4,2,5,5,3,4,4,1,4,2,1,1,4,1,1,1,4,4,1,1,2,5,5,22,"Man",NA,5,16,50,85,58,"No","Yes","No","Yes","No","No","Yes","No","Yes","Yes","Yes","Yes","No","Yes",NA,"Dishonored","World of Warcraft","Fallout 4","Ori and the Blind Forest","Cuphead","No","No"
"146",565,5,3,4,4,4,1,5,3,3,4,4,3,3,4,1,3,4,4,4,4,4,4,3,3,4,4,2,5,5,2,2,3,4,1,3,4,4,1,1,3,4,3,18,"Woman",NA,5,10,8,42,66,"Yes","No","Yes","Yes","No","No","No","Yes","No","No","Yes","No","Yes","Yes",NA,"Animal Crossing","The Sims","Undertale","TLoZ: Breath of the Wild","Hitman","No","Yes"
"147",566,5,3,5,5,4,2,5,3,5,3,4,4,5,5,3,4,4,5,5,4,4,5,5,3,5,3,1,5,4,1,1,5,5,2,1,5,5,1,1,3,3,1,30,"Woman",NA,5,20,10,57,76,"No","No","Yes","Yes","No","No","Yes","Yes","Yes","Yes","Yes","No","Yes","No",NA,"The Witcher Series","Borderlands Series","Mass Effect Series","The Longest Journey","Spyro The Dragon","No","No"
"148",574,1,1,5,5,3,1,1,5,5,1,5,1,1,1,1,1,5,1,5,5,5,3,5,1,5,1,1,1,1,1,1,1,1,1,1,4,2,1,1,1,5,1,33,"Man",NA,5,29,10,60,59,"No","Yes","No","Yes","No","No","No","No","No","Yes","No","No","No","Yes",NA,"Pokemon FireRed","The Legend of Zelda: Breath of the Wild","Xenoblade Chronicles 2","Super Mario 64","Super Smash Bros. Ultimate","No","No"
"149",577,2,3,5,4,4,1,3,3,4,4,4,1,3,4,1,3,5,4,2,4,3,4,3,3,4,1,2,3,1,1,1,2,1,2,1,3,2,2,1,1,4,1,23,"Man",NA,5,15,4,35,37,"Yes","No","No","No","No","No","No","Yes","No","No","No","Yes","No","Yes",NA,"Tetris","Minesweeper","Online card games",NA,NA,"No","No"
"150",584,4,5,5,5,5,1,4,5,5,4,3,1,5,4,1,3,5,5,5,5,1,5,5,5,5,5,1,5,4,1,1,2,3,1,1,4,5,1,1,1,5,3,37,"Woman",NA,5,32,5,59,83,"No","No","Yes","No","Yes","Yes","No","Yes","No","Yes","No","Yes","Yes","Yes",NA,"Legend of Zelda ocarina of time","Super Mario bros  2","Mario kart","Smite","Soul Calibur","No","Yes"
"151",593,2,2,5,5,3,1,2,4,4,2,2,2,2,2,1,3,4,2,5,3,1,2,3,2,1,3,1,2,1,1,2,4,1,1,1,1,1,1,1,1,3,4,23,"Man",NA,5,18,30,88,71,"No","Yes","No","Yes","Yes","No","No","Yes","Yes","Yes","Yes","Yes","No","Yes","Racing Games","Elder Scrolls V Skyrim","Pokémon Platinum","Euro Truck Simulator 2","Sid Meier's Civilization 5","Red Faction Guerilla","No","No"
"152",594,3,4,4,5,3,1,4,4,5,4,3,2,3,4,2,3,4,4,5,2,2,4,4,3,4,4,3,4,3,2,2,4,2,2,3,4,4,2,1,2,4,4,21,"Non-Binary",NA,4,11,11,70,48,"No","No","Yes","Yes","No","No","No","Yes","No","Yes","Yes","Yes","Yes","Yes",NA,"super mario galaxy","the legend of zelda: majora’s mask","animal crossing: new leaf",NA,NA,"No","Yes"
"153",597,4,5,5,5,5,2,5,5,5,5,5,4,5,5,4,5,5,5,5,5,5,5,5,4,5,5,4,5,3,3,1,4,3,3,4,5,5,5,2,3,5,5,45,"Man",NA,5,22,40,90,100,"No","Yes","No","Yes","Yes","No","No","No","Yes","No","Yes","Yes","No","Yes",NA,"Fallout","Red dead redemption","Mass effect","Borderlands","Halo","No","No"
"154",599,5,5,5,5,5,1,5,5,5,5,5,3,4,5,2,5,5,5,5,2,3,5,5,5,5,1,1,5,3,2,1,5,3,1,1,5,3,1,1,2,5,5,22,"Man",NA,4,15,21,100,62,"Yes","Yes","No","Yes","Yes","No","No","Yes","Yes","Yes","Yes","Yes","Yes","Yes",NA,"The legend of Zelda","Oceanhorn","Tetris",NA,NA,"No","No"
"155",601,1,4,5,5,2,1,5,3,5,4,2,2,3,1,2,1,5,5,5,5,1,5,2,2,5,1,1,4,5,1,1,2,5,1,2,2,3,1,1,2,4,1,18,"Woman",NA,5,12,30,83,87,"No","Yes","No","Yes","Yes","No","No","Yes","No","Yes","No","Yes","No","Yes",NA,"Portal 2","The Legend of Zelda: Twilight Princess","Outer Wilds","Rimworld","Animal Crossing (New Horizons and Gamecube)","No","No"
"156",604,4,5,5,5,5,1,5,3,5,5,5,1,5,5,1,3,5,5,5,5,1,5,5,5,5,3,5,5,1,1,1,4,1,1,1,4,5,1,1,1,5,4,21,"Man",NA,5,15,6,29,68,"Yes","No","No","Yes","No","No","No","Yes","No","Yes","Yes","Yes","No","No","Survival/crafting-based","Red Dead Redemption","Subnautica",NA,NA,NA,"No","No"
"157",606,NA,NA,NA,NA,NA,NA,NA,NA,NA,NA,NA,NA,NA,NA,NA,NA,NA,NA,NA,NA,NA,NA,NA,NA,NA,NA,NA,NA,NA,NA,NA,NA,NA,NA,NA,NA,NA,NA,NA,NA,NA,NA,40,"Man",NA,4,4,1,16,6,"No","No","No","No","No","No","No","No","No","No","No","No","No","No","Sports - Football","FIFA",NA,NA,NA,NA,"No","No"
"158",609,3,1,3,1,3,4,2,1,1,1,1,2,2,2,4,4,4,3,4,3,1,3,2,3,3,1,2,2,4,3,4,2,4,3,2,4,2,3,2,5,1,2,38,"Man",NA,5,30,20,100,100,"No","Yes","No","Yes","No","No","Yes","No","No","Yes","No","No","No","No",NA,"Titanfall","Bioshock Infinite","Halo series","Skyrim","Call of Duty series","No","Yes"
"159",610,3,4,5,4,4,1,5,4,5,4,4,2,5,5,2,3,4,4,4,2,3,5,5,4,5,3,3,5,4,1,2,4,4,2,4,4,4,2,4,3,5,4,26,"Woman",NA,4,16,2,80,73,"No","Yes","Yes","Yes","Yes","No","Yes","Yes","No","Yes","Yes","Yes","Yes","Yes",NA,"To the moon","Gris","This war of mine","Binding of Isaac","Prison architect","Yes","No"
"160",612,4,4,5,4,5,3,4,3,3,3,5,4,4,2,4,2,4,4,4,5,5,4,4,4,5,3,4,5,3,2,4,3,5,2,4,5,5,2,1,4,4,1,30,"Man",NA,5,0,0,94,24,"No","Yes","No","Yes","No","No","Yes","No","No","Yes","Yes","No","No","No","Genre non-conforming games","Virtual Virtual Reality","Undertale","The Stanley Parable","Accounting","Jazzpunk","Yes","Yes"
"161",620,NA,NA,NA,NA,NA,NA,NA,NA,NA,NA,NA,NA,NA,NA,NA,NA,NA,NA,NA,NA,NA,NA,NA,NA,NA,NA,NA,NA,NA,NA,NA,NA,NA,NA,NA,NA,NA,NA,NA,NA,NA,NA,22,"Prefer not to disclose",NA,5,10,10,100,73,"No","Yes","No","Yes","No","No","Yes","No","No","No","Yes","No","No","No",NA,"Pathologic 2","Modern Warfare (either the new one or MW2)","Assassin's Creed Odyssey","Dear Esther","Ghost Recon Wildlands","Yes","Yes"
"162",623,2,3,4,2,4,1,2,4,3,3,3,1,3,2,1,4,3,3,3,3,2,4,2,3,3,4,1,2,3,1,1,2,3,1,1,1,2,1,1,1,4,2,21,"Man",NA,5,15,30,100,75,"No","Yes","No","No","No","No","Yes","Yes","Yes","Yes","No","No","No","Yes",NA,"Dark Souls","Half-Life 2","Hollow Knight","Portal 2","Everquest","No","No"
"163",626,5,5,5,5,5,1,5,5,5,5,3,2,5,4,1,4,5,5,5,5,1,5,5,5,5,3,5,5,1,1,1,5,1,1,1,5,5,1,1,1,5,4,25,"Man",NA,4,20,0,80,80,"No","Yes","No","Yes","No","No","No","No","No","Yes","Yes","No","No","No",NA,"Vampire: The Masquerade - Bloodlines","Kentucky Route Zero","Cart Life","Mafia: The City of Lost Heaven","Dark Souls","No","No"
"164",627,1,4,5,5,1,1,1,1,2,4,1,1,1,1,1,2,4,1,2,4,1,5,4,1,4,2,1,1,1,1,1,1,1,1,1,2,4,1,1,1,5,1,18,"Man",NA,5,12,60,97,76,"No","Yes","No","Yes","No","No","Yes","No","No","No","Yes","Yes","No","Yes",NA,"Minecraft","Red Dead Redemption 2","Stardew Valley","Cities: Skylines","Apex Legends","No","No"
"165",629,5,1,5,4,5,1,1,1,3,1,1,1,1,1,1,1,4,4,5,5,1,5,5,3,5,3,4,5,1,1,1,5,1,1,1,4,4,1,1,1,3,1,28,"Man",NA,5,20,10,62,77,"No","Yes","No","Yes","No","Yes","Yes","No","Yes","Yes","No","Yes","No","No",NA,"Assassin's Creed Series","Tomb Raider Series","Bioshock Series","World of Warcraft","Warcraft III","Yes","Yes"
"166",630,5,4,5,5,5,1,5,5,5,4,5,4,5,5,1,5,5,5,5,5,5,5,5,5,5,5,5,5,4,4,1,5,3,1,2,5,5,1,1,2,5,2,29,"Woman",NA,4,20,10,78,19,"No","Yes","No","Yes","No","No","No","No","No","Yes","Yes","No","No","No",NA,"Vampire the Masquerade Bloodlines","Assassin's Creed Odyssey","Assassin's Creed Origins","Assassin's Creed II","Vampyr","No","Yes"
"167",638,3,1,5,3,4,2,2,2,3,4,2,2,1,1,1,2,5,2,2,1,2,5,3,3,2,3,3,5,2,1,1,5,1,2,2,4,4,1,1,1,4,2,27,"Non-Binary",NA,5,20,10,71,15,"No","Yes","Yes","Yes","No","No","No","No","No","Yes","No","Yes","Yes","No",NA,"Dragon Age (series)","Far Cry 3","Pokemon (series)","Divinity Original Sin II","Civilization VI","No","Yes"
"168",644,3,1,5,2,4,4,1,1,4,1,2,4,2,1,5,1,4,1,5,4,1,2,3,5,5,2,5,5,4,1,1,1,1,2,3,5,5,1,3,5,2,1,27,"Man",NA,4,20,10,73,27,"No","No","No","No","No","No","Yes","No","No","Yes","No","No","No","Yes",NA,"Dead Space 1","Halo 1","Apex Legends","Super Mario Sunshine","Super Smash Bros","No","No"
"169",649,2,4,5,5,2,1,4,2,5,5,1,1,4,2,1,5,5,4,5,5,1,5,4,4,5,2,3,3,3,1,1,2,1,1,1,3,4,1,1,1,4,3,20,"Man",NA,4,15,30,100,76,"No","Yes","No","Yes","No","Yes","Yes","Yes","No","Yes","Yes","Yes","No","Yes",NA,"The last of us","Horizon: Zero Dawn","The Witcher 3","GTA V",NA,"No","No"
"170",666,1,3,4,3,2,1,1,1,2,2,2,1,1,1,1,1,3,2,2,2,1,3,3,1,1,1,1,1,1,1,1,1,1,1,1,2,1,1,1,1,3,1,27,"Woman",NA,5,17,4,16,18,"No","No","No","No","No","No","No","No","No","Yes","Yes","No","No","No","4X","Skyrim","Stardew Valley","Civilization","Portal","The Sims","No","No"
"171",667,4,4,5,5,4,1,4,2,5,5,4,2,4,1,1,3,4,5,3,4,1,5,4,4,5,3,1,5,2,1,1,4,3,1,1,4,2,1,1,1,5,5,18,"Woman",NA,5,11,20,73,92,"No","No","Yes","No","No","Yes","No","No","Yes","No","No","No","Yes","Yes","Social deduction games","Path of Exile","League of Legends","osu!","Ori and the blind forest","Baldur's gate","No","Yes"
"172",668,1,2,5,4,4,1,5,3,5,1,2,2,5,5,1,2,5,5,5,4,1,5,4,5,3,4,1,5,5,1,1,4,5,1,4,5,4,1,1,2,3,2,24,"Non-Binary",NA,5,18,2,73,32,"No","No","No","Yes","No","No","No","Yes","No","Yes","No","Yes","No","No",NA,"Journey","Okami","Legend of Zelda: Majora's Mask","Transistor","Shadow of the Colossus","No","No"
"173",669,1,2,5,4,4,1,3,4,5,2,4,3,1,1,1,1,5,1,5,5,3,5,4,5,5,3,4,2,1,1,1,3,1,1,1,4,3,1,1,1,5,2,20,"Non-Binary",NA,5,2,12,23,15,"No","No","No","Yes","No","No","No","Yes","No","No","No","Yes","No","No",NA,"Minecraft","Harry Potter mystery","Logic games",NA,NA,"No","Yes"
"174",674,5,5,5,4,5,5,5,5,3,4,5,5,4,2,5,5,5,5,5,5,5,5,5,5,5,5,4,4,1,3,1,5,3,3,1,3,1,1,1,1,5,2,19,"Man",NA,5,15,30,99,96,"Yes","Yes","Yes","Yes","Yes","No","Yes","Yes","Yes","Yes","Yes","Yes","No","Yes",NA,"War Thunder","Portal 2","Ravenfield","Hearts of Iron 4","Borderlands 2","No","Yes"
